,Location,Latitude,Longitude
0,New Orleans Louisiana United States,30.03280175,-89.9750054503052
1,Oceanside California United States,33.1958696,-117.3794834
2,Cedar Rapids Iowa United States,41.9758872,-91.6704053
3,Lawrence Kansas United States,38.9719384,-95.2359496
4,Conway Arkansas United States,35.0886963,-92.4421011
5,Washington District of Columbia United States,38.8949549,-77.0366456
6,Dayton Ohio United States,39.7589478,-84.1916069
7,Crystal City Missouri United States,38.2211656,-90.3790094
8,Chicago Illinois United States,41.8755546,-87.6244212
9,La Mesa California United States,32.7678288,-117.0230839
10,Englewood New Jersey United States,40.8928771,-73.9726381
11,Brooklyn New York United States,42.4331178,-78.7483629
12,Memphis Tennessee United States,35.1490215,-90.0516285
13,Boston Massachusetts United States,42.3604823,-71.0595678
14,Richmond Virginia United States,37.5385087,-77.43428
15,San Pedro California United States,33.7358518,-118.2922934
16,Buffalo New York United States,42.8867166,-78.8783922
17,Bastrop Louisiana United States,32.7757026,-91.9072506
18,Greensboro North Carolina United States,36.0726355,-79.7919754
19,Easton Pennsylvania United States,40.6916081,-75.2099866
20,Indianapolis Indiana United States,39.7683331,-86.1583502
21,Rockaway New York United States,40.6053825,-73.7551326
22,Hartselle Alabama United States,34.4445144,-86.9350326
23,Hardinsburg Kentucky United States,37.7800592,-86.4605337
24,Oak Lawn Illinois United States,41.7108662,-87.7581081
25,Norwalk Connecticut United States,41.1175966,-73.4078968
26,Harrisburg Pennsylvania United States,40.2663107,-76.8861122
27,Corpus Christi Texas United States,27.8002542,-97.3955744
28,New York New York United States,27.9603989,-82.4425033
29,Atlantic City New Jersey United States,39.3642852,-74.4229351
30,Campbellsville Kentucky United States,37.3433974,-85.3419069
31,Rosedale Mississippi United States,33.8534421,-91.0278863
32,Fresno California United States,36.7295295,-119.708861260756
33,Union South Carolina United States,34.7151939,-81.6237462
34,Nashville Tennessee United States,36.1622296,-86.7743531
35,Greenville South Carolina United States,34.851354,-82.3984882
36,Detroit Michigan United States,42.3486635,-83.0567375
37,Waukegan Illinois United States,42.3636331,-87.8447938
38,Jackson Mississippi United States,32.2990384,-90.1847691
39,Bessemer Alabama United States,33.3823635,-86.91720475
40,Tacoma Washington United States,47.2495798,-122.4398746
41,Minneapolis Minnesota United States,44.9772995,-93.2654692
42,Orlando Florida United States,28.5423999,-81.3794368
43,Newport Kentucky United States,39.0889469,-84.4919524
44,San Diego California United States,32.7174209,-117.1627714
45,Flushing New York United States,40.7654301,-73.8174291
46,Walterboro South Carolina United States,32.9021377,-80.6672631
47,Hollywood California United States,34.1028268,-118.3299899
48,Cincinnati Ohio United States,39.1014537,-84.5124602
49,Westbury New York United States,40.7556561,-73.5876273
50,Ames Iowa United States,42.0267703,-93.6170554
51,North Canton Ohio United States,40.875891,-81.4023356
52,Atlanta Georgia United States,33.7490987,-84.3901849
53,Santa Barbara California United States,34.4221319,-119.7026673
54,Muskegon Michigan United States,43.2341813,-86.2483921
55,Madison Illinois United States,38.811063,-89.9017112
56,Christopher Illinois United States,37.9725501,-89.053408
57,Houston Texas United States,29.7589382,-95.3676974
58,Flora Mississippi United States,32.5432591,-90.3094672
59,Philadelphia Pennsylvania United States,39.9524152,-75.1635755
60,Levittown Pennsylvania United States,40.1573365,-74.8322796129119
61,Bellefontaine Ohio United States,40.3611643,-83.7596557
62,Macon Georgia United States,32.8406946,-83.6324022
63,Rayville Louisiana United States,32.4773643,-91.7548473
64,Oakland California United States,37.8044557,-122.2713563
65,North Providence Rhode Island United States,41.8500997,-71.4661703
66,Southampton New York United States,40.884267,-72.3895296
67,Bridgeport Connecticut United States,41.1670412,-73.2048348
68,Milwaukee Wisconsin United States,43.0349931,-87.922497
69,Columbus Ohio United States,39.9622601,-83.0007065
70,Bakersfield California United States,35.3738712,-119.0194639
71,Los Angeles California United States,34.054935,-118.244476
72,Hogansville Georgia United States,33.1731769,-84.914936
73,New Brunswick New Jersey United States,40.4862174,-74.4518173
74,Macon Mississippi United States,33.1054039,-88.5608767
75,Darby Pennsylvania United States,39.9184461,-75.2590721
76,Harleton Texas United States,32.6765772,-94.573983
77,Devils Lake North Dakota United States,48.112779,-98.86512
78,Kewanee Illinois United States,41.2455927,-89.9248303
79,Reseda California United States,34.2011156,-118.5364742
80,Princeton Kentucky United States,37.1092162,-87.8819595
81,Gibson North Carolina United States,34.7590477,-79.6106104
82,Mount Vernon New York United States,40.9125992,-73.8370786
83,Tryon North Carolina United States,35.2081695,-82.2384479
84,Franklinton North Carolina United States,36.1018163,-78.4580543
85,Berkley West Virginia United States,39.2929793,-80.3650163
86,Winston-Salem North Carolina United States,36.0998131,-80.2440518
87,Stuart Florida United States,27.197983,-80.2519175
88,Sharon Pennsylvania United States,41.2331116,-80.4934035
89,Berkeley California United States,37.8708393,-122.2728639
90,Astoria New York United States,40.7720145,-73.9302673
91,Mullens West Virginia United States,37.5832541,-81.3804607
92,McLeansboro Illinois United States,38.0933811,-88.5356076
93,Harvey Illinois United States,41.6100344,-87.6467132
94,Tuckerman Arkansas United States,35.7306327,-91.1984601
95,Maywood Illinois United States,41.8791979,-87.8431155
96,Racine Wisconsin United States,42.7260523,-87.7825242
97,Lincolnton North Carolina United States,35.473745,-81.2545251
98,Billings Montana United States,45.7874957,-108.49607
99,Scottsville Kentucky United States,36.7533781,-86.1905424
100,Cotton Plant Arkansas United States,35.0081476,-91.2512373
101,Raeford North Carolina United States,34.9809996,-79.2241998
102,Russellville Kentucky United States,36.8453199,-86.887219
103,Tallulah Louisiana United States,32.4084765,-91.1867771
104,Amherst Virginia United States,37.5851412,-79.0514134
105,Phenix City Alabama United States,32.4709761,-85.0007653
106,Frankfurt  Germany,50.1106444,8.6820917
107,Vredenburgh Alabama United States,31.8284857,-87.3216563
108,Stockton California United States,37.9577016,-121.2907796
109,Martins Ferry Ohio United States,40.0959055,-80.724526
110,Carthage Mississippi United States,31.5265557,-91.4459501
111,South Bend Indiana United States,41.6833813,-86.2500066
112,Lacrosse Wisconsin United States,43.8924367,-90.8384778
113,Waynesboro Virginia United States,38.0652286,-78.9058876592407
114,Franklin Indiana United States,39.4806056,-86.0549863
115,East Chicago Indiana United States,41.6397857,-87.4548466
116,San Francisco California United States,37.7791185,-122.4138641
117,Trinidad and Tobago  United States,10.66591425,-61.5167406494468
118,Hamilton Ohio United States,39.3995067,-84.5613428
119,Dubuque Iowa United States,42.5006217,-90.6647967
120,Hoke North Carolina United States,35.0271856,-79.2432785
121,Greencastle Indiana United States,39.6444898,-86.8647316
122,St. Louis Missouri United States,38.6337716,-90.2416548
123,Cleveland Ohio United States,41.5051613,-81.6934446
124,Columbia South Carolina United States,34.0007493,-81.0343313
125,Kansas City Kansas United States,39.1146799,-94.7495246
126,Far Rockaway New York United States,40.6053825,-73.7551326
127,Arkansas City Kansas United States,37.0620507,-97.038575
128,Talbotton Georgia United States,32.6776372,-84.5393664
129,Coos Bay Oregon United States,43.3665007,-124.2178903
130,Portland Oregon United States,45.5202471,-122.6741949
131,Mt. Vernon Illinois United States,38.3172715,-88.9031201
132,Akron Ohio United States,41.083064,-81.518485
133,Columbia Louisiana United States,32.1051567,-92.0779129
134,Greenwood Mississippi United States,33.5162315,-90.1795281
135,Miami Florida United States,25.7742658,-80.1936589
136,Rome New York United States,43.2128473,-75.4557304
137,Prescott Arkansas United States,33.8026107,-93.3810057
138,Torrance California United States,33.8358492,-118.3406288
139,Aliquippa Pennsylvania United States,40.6102386,-80.267726
140,Deer Lodge Montana United States,46.0753795,-113.089332
141,Bellport New York United States,40.7570429,-72.9392727
142,San Mateo California United States,37.496904,-122.3330573
143,Elizabeth New Jersey United States,40.6639916,-74.2107006
144,Bronx New York United States,40.85703325,-73.8366961598775
145,Elma Washington United States,47.0034291,-123.4087692
146,Weirton West Virginia United States,40.4189566,-80.5895167
147,Canton Mississippi United States,32.6126381,-90.0367512
148,Hamtramck Michigan United States,42.3928151,-83.0496438
149,Silver City New Mexico United States,32.7725053,-108.2793701
150,Indianola Mississippi United States,33.4509513,-90.6550917
151,Harper Kansas United States,37.1922068,-98.0835849
152,Rolling Fork Mississippi United States,32.9065168,-90.8781567
153,Silver City Mississippi United States,33.0965153,-90.4967573
154,Seattle Washington United States,47.6038321,-122.3300624
155,Alexandria Louisiana United States,31.311248,-92.4449087
156,Moline Illinois United States,41.5067003,-90.5151342
157,Toledo Ohio United States,41.6786754,-83.5127283
158,Riverside California United States,33.9533546,-117.3961623
159,Uniontown Pennsylvania United States,39.900076,-79.7164326
160,Berlin Maryland United States,38.3226154,-75.2176892
161,Montgomery Alabama United States,32.3669656,-86.3006485
162,Crossnore North Carolina United States,36.0217938,-81.9295579
163,Newberry South Carolina United States,34.2753247,-81.6188633
164,Traverse City Michigan United States,44.7606441,-85.6165301
165,Grand Island Nebraska United States,40.924271,-98.338685
166,Elmira New York United States,42.0897965,-76.8077338
167,Jacksonville Florida United States,30.3321838,-81.655651
168,Harlan Kentucky United States,36.8431441,-83.321848
169,Fort Myers Florida United States,26.640628,-81.8723084
170,Louisville Kentucky United States,38.2542376,-85.759407
171,Columbus Georgia United States,32.4609764,-84.9877094
172,Carrolton Mississippi United States,34.979635,-90.029399
173,Birmingham Alabama United States,33.5206824,-86.8024326
174,Long Island City New York United States,40.7455316,-73.9484995
175,Chipley Florida United States,30.7818584,-85.538541
176,Braddock Pennsylvania United States,40.4034024,-79.8683824
177,River Edge New Jersey United States,40.9287098,-74.0398622
178,Hopkinsville Kentucky United States,36.8657651,-87.4889532
179,Anderson Indiana United States,40.1053196,-85.6802541
180,Charlotte North Carolina United States,35.2270869,-80.8431268
181,Perth Amboy New Jersey United States,40.5067723,-74.2654234
182,Flint Michigan United States,43.0171773,-83.7236024
183,Ellensburg Washington United States,46.9970635,-120.5451223
184,McGehee Arkansas United States,33.6289986,-91.3995641
185,Long Beach California United States,33.78538945,-118.158049315311
186,Colorado Springs Colorado United States,38.8339578,-104.8253485
187,Salida California United States,37.7151375,-121.086678762826
188,Batavia Illinois United States,41.8500284,-88.3125738
189,Sacramento California United States,38.5815719,-121.4943996
190,Tipton Indiana United States,40.2899154,-86.058442
191,Hershey Pennsylvania United States,40.2854881,-76.6506001
192,Shelby North Carolina United States,35.2923513,-81.5356463
193,Kansas City Missouri United States,39.0844687,-94.5630298
194,Huntingburg Indiana United States,38.2989422,-86.9549972
195,Baton Rouge Louisiana United States,30.4507462,-91.154551
196,Springfield Ohio United States,39.9242266,-83.8088172
197,Penn Hills Pennsylvania United States,40.4729398,-79.8176723
198,Dallas Texas United States,32.7762719,-96.7968559
199,Durham North Carolina United States,35.9966551,-78.9018115
200,New Haven Connecticut United States,41.3082138,-72.9250518
201,Roosevelt New York United States,40.678713,-73.5890168
202,Sewickley Pennsylvania United States,40.5364566,-80.1845031
203,Freeport Illinois United States,42.2966861,-89.6212271
204,Monroe Louisiana United States,32.5093109,-92.1193012
205,Leighton Alabama United States,34.700923,-87.5289152
206,Wallace North Carolina United States,34.735724,-77.9952628
207,Fort Worth Texas United States,32.753177,-97.3327459
208,Melrose Minnesota United States,45.6746873,-94.8075152
209,Providence Rhode Island United States,41.8239891,-71.4128343
210,Baltimore Maryland United States,39.2908816,-76.610759
211,Pittsburgh Pennsylvania United States,40.4416941,-79.9900861
212,Canton Ohio United States,40.7989522,-81.3784445
213,Casablanca  Morocco,33.5950627,-7.6187768
214,McComb Mississippi United States,31.2437872,-90.4531536
215,Hicksville New York United States,40.7684331,-73.5251253
216,Newark New Jersey United States,40.735657,-74.1723667
217,Marion Indiana United States,40.5583739,-85.6591442
218,Petersburg Virginia United States,37.1924594,-77.3677408
219,Shelby Michigan United States,42.6708659,-83.0329844
220,Phoenix Illinois United States,41.6152445,-87.6317803
221,Raleigh North Carolina United States,35.7803977,-78.6390989
222,Shreveport Louisiana United States,32.5221828,-93.7651944
223,Oklahoma City Oklahoma United States,35.4729886,-97.5170536
224,Phoenix Arizona United States,33.4485866,-112.0773456
225,Sandusky Ohio United States,41.4489397,-82.7079605
226,Madison Wisconsin United States,43.074761,-89.3837613
227,Den Helder  Netherlands,52.9529894,4.8267591994488
228,Haines City Florida United States,28.1124785,-81.6311976001419
229,Harlingen Texas United States,26.1906306,-97.6961026
230,Millersville Pennsylvania United States,39.997998,-76.3545372
231,Las Vegas Nevada United States,36.1662859,-115.149225
232,Utica Mississippi United States,32.1095975,-90.6234323
233,Cleveland Tennessee United States,35.1595182,-84.8766115
234,Chattanooga Tennessee United States,35.0456297,-85.3096801
235,San Jose California United States,37.3297085,-121.9031599
236,Ann Arbor Michigan United States,42.2681569,-83.7312291
237,Brookline Massachusetts United States,42.3317642,-71.1211635
238,Hartford Connecticut United States,41.7645491,-72.6908673
239,Monaca Pennsylvania United States,40.6872885,-80.2714505
240,Kinston North Carolina United States,35.2626635,-77.5816353
241,Valhalla New York United States,41.0748189,-73.7751326
242,  United States,39.7837304,-100.4458825
243,Satu-Mare  Romania,47.73319845,22.7655419954237
244,Boulder Colorado United States,40.0149856,-105.2705456
245,Kankakee Illinois United States,41.1200325,-87.8611531
246,New Castle Indiana United States,39.9289351,-85.3702477
247,Morganfield Kentucky United States,37.6833776,-87.9166916
248,Mobile Alabama United States,30.6943566,-88.0430541
249,Edwards AFB California United States,34.900814,-117.943953325678
250,Minot North Dakota United States,48.23251,-101.296273
251,Natchitoches Louisiana United States,31.7606732,-93.0860209
252,Lompoc California United States,34.6391501,-120.4579409
253,Rome Georgia United States,34.257038,-85.1646726
254,Winter Haven Florida United States,28.0222435,-81.7328568
255,Kirksville Missouri United States,40.1947539,-92.5832496
256,Moultrie Georgia United States,31.1811523,-83.7878809
257,Beaumont Texas United States,30.0860459,-94.1018461
258,Wilsons Mills North Carolina United States,35.5829914,-78.3554751
259,Norfolk Virginia United States,36.8462923,-76.2929252
260,Santurce  Puerto Rico,18.4442533,-66.0629385575495
261,Monticello Florida United States,30.5452022,-83.8701636
262,Arlington Heights Illinois United States,42.0812678,-87.9800662
263,Mechanicsburg Pennsylvania United States,40.2101972,-77.0047276
264,Portsmouth Virginia United States,36.8354258,-76.2982742
265,Erie Pennsylvania United States,42.1290657,-80.0852421
266,Burlington North Carolina United States,36.0956918,-79.4377991
267,San Bernardino California United States,34.1083449,-117.2897652
268,Lexington Kentucky United States,38.0464066,-84.4970393
269,Knoxville Alabama United States,33.5917715,-85.8971885
270,Salt Lake City Utah United States,40.7670126,-111.8904308
271,Romulus Michigan United States,42.2222614,-83.3965995
272,DeRidder Louisiana United States,30.846201,-93.289281
273,Owensboro Kentucky United States,37.7742152,-87.1133304
274,Sedalia Missouri United States,38.7044609,-93.2282613
275,Copenhagen  Denmark,55.6867243,12.5700724
276,Syracuse New York United States,43.0481221,-76.1474244
277,Nassau  Bahamas,25.0783456,-77.3383331
278,Oak Ridge Tennessee United States,36.0103562,-84.2696449
279,Rocky Mount North Carolina United States,35.9423833,-77.7956949
280,Hattiesburg Mississippi United States,31.3271189,-89.2903392
281,Amelia Virginia United States,37.3319664,-78.008448
282,Inglewood California United States,33.96185,-118.3550377
283,Coral Gables Florida United States,25.6905515,-80.235008979837
284,East Peoria Illinois United States,40.666149,-89.5800978
285,Fort Smith Arkansas United States,35.3872218,-94.4248983
286,Hazard Kentucky United States,37.24954,-83.1932284
287,Huntsville Alabama United States,34.729847,-86.5859011
288,Milan Georgia United States,32.0173996,-83.0626489
289,Bells Tennessee United States,35.7111847,-89.087565
290,Muncie Indiana United States,40.1936683,-85.3865114
291,Fulda Minnesota United States,43.8705186,-95.6002856
292,Yonkers New York United States,40.9312099,-73.8987469
293,Lodi California United States,38.097198,-121.387849646574
294,Gastonia North Carolina United States,35.262082,-81.1873005
295,Lynwood California United States,33.9303225,-118.2114933
296,Demopolis Alabama United States,32.5178284,-87.8368201
297,Port Arthur Texas United States,29.8988258,-93.9287815
298,East Orange New Jersey United States,40.767323,-74.2048677
299,Tulare California United States,36.2516475,-118.852583
300,Panama City Florida United States,30.1600827,-85.6545729
301,Trenton New Jersey United States,40.2170575,-74.7429463
302,Dublin Georgia United States,32.5404447,-82.903754
303,West Covina California United States,34.0686208,-117.9389526
304,Pennville Indiana United States,40.4939337,-85.148304
305,Jersey City New Jersey United States,40.7281575,-74.0776417
306,Pittsburg California United States,38.0181745,-121.8901232
307,West Baden Springs Indiana United States,38.5702006,-86.60968
308,Gary Indiana United States,41.6021292,-87.3371372
309,McGhee Arkansas United States,35.023343,-93.022697
310,Goldsboro North Carolina United States,35.3848841,-77.9927651
311,Johnstown Pennsylvania United States,40.3267407,-78.9219698
312,Saginaw Michigan United States,43.4200387,-83.9490365
313,Spokane Washington United States,47.6579425,-117.4212265
314,Wilmington North Carolina United States,34.2257282,-77.9447107
315,Little Rock Arkansas United States,34.7464809,-92.2895948
316,Royal Oak Michigan United States,42.4894801,-83.1446485
317,Sandersville Georgia United States,32.9832812,-82.8116031
318,Middletown Ohio United States,39.5150576,-84.3982763
319,Parsons Tennessee United States,35.649791,-88.1267025
320,Lexington North Carolina United States,35.8240265,-80.2533838
321,Fort Rucker Alabama United States,31.45140705,-85.7839346827653
322,Lake Charles Louisiana United States,30.2265949,-93.2173759
323,Heacham  United Kingdom,52.907267,0.49601463829019
324,Martinsville Indiana United States,39.4278253,-86.428328
325,New Albany Mississippi United States,34.4942683,-89.0078418
326,Altoona Pennsylvania United States,40.518681,-78.394736
327,Hibbing Minnesota United States,47.427155,-92.937689
328,Wiesbaden  Germany,50.0833,8.25
329,Fort Wayne Indiana United States,41.0799898,-85.1386015
330,Plummerville Arkansas United States,35.158408,-92.6417919
331,South Gate California United States,33.9463456,-118.200981
332,Plymouth South Carolina United States,32.7666928,-79.9920057
333,Monroe Connecticut United States,41.3325962,-73.2073358
334,Warren Ohio United States,41.237557,-80.818417
335,Madison County Mississippi United States,32.6308679,-90.0040817
336,Suffolk Virginia United States,36.7282096,-76.5835703
337,Fort Ord California United States,36.6595953,-121.778978520995
338,Perry Alabama United States,32.6421387,-87.2876639
339,Neenah Wisconsin United States,44.1858193,-88.462609
340,Sarasota Florida United States,27.3364347,-82.5306527
341,Gray Georgia United States,33.0095802,-83.5337816
342,Havre De Grace Maryland United States,39.5489964,-76.0914718
343,Lakewood California United States,33.8503463,-118.1171914
344,Eugene Oregon United States,44.0505054,-123.0950506
345,Ocala Florida United States,29.1871986,-82.1400923
346,Knoxville Tennessee United States,35.9603948,-83.9210261
347,Weirsdale Florida United States,28.9819277,-81.9242498
348,Sanford Florida United States,28.8117179,-81.2680328
349,Southhampton New York United States,40.88857575,-72.4451080080292
350,Kalamazoo Michigan United States,42.291707,-85.5872286
351,Bayshore New York United States,40.8462067,-73.8164808
352,Ardmore Pennsylvania United States,40.004128,-75.2883006374063
353,Town Creek Alabama United States,34.7698994,-86.9471249
354,Lima Ohio United States,40.742551,-84.1052256
355,Glen Ridge New Jersey United States,40.805378,-74.2037566
356,King North Carolina United States,36.280694,-80.3592197
357,Cassopolis Michigan United States,41.9117134,-86.0100069
358,St. Paul Minnesota United States,44.9504037,-93.1015026
359,Cupertino California United States,37.3230107,-122.0322519
360,Anderson South Carolina United States,34.5068601,-82.6506264
361,Cheverly Maryland United States,38.928167,-76.915807
362,Hollywood Florida United States,26.0112014,-80.1494901
363,Tyler Texas United States,32.3512601,-95.3010624
364,Bernice Louisiana United States,32.8220876,-92.6579295
365,Hanford California United States,36.3274502,-119.6456844
366,Reykjavik  Iceland,64.145981,-21.9422367
367,Valdosta Georgia United States,30.8327022,-83.2784851
368,Euclid Ohio United States,41.5931049,-81.5267873
369,Panama City  Panama,8.9714493,-79.5341802
370,American Falls Idaho United States,42.7860227,-112.8544377
371,Clairton Pennsylvania United States,40.2922938,-79.8817181
372,Ogden Utah United States,41.2230048,-111.9738429
373,Rockville Maryland United States,39.0840054,-77.1527573
374,East St. Louis Illinois United States,38.6244952,-90.1509429
375,Chapel Hill North Carolina United States,35.9131542,-79.05578
376,Rochester New York United States,43.157285,-77.615214
377,Moses Lake Washington United States,47.1301417,-119.2780771
378,Stillwater Minnesota United States,45.0564041,-92.8134982
379,Cortez Colorado United States,37.3494528,-108.5840736
380,Middletown Connecticut United States,41.5623209,-72.6506488
381,Park Forest Illinois United States,41.4914236,-87.6744891
382,Paris  France,48.8566101,2.3514992
383,Pittsburg Kansas United States,37.4108841,-94.70496
384,Pine Bluff Arkansas United States,34.2284312,-92.0031955
385,Virginia Beach Virginia United States,36.8529841,-75.9774183
386,Blytheville Arkansas United States,35.9272953,-89.9189754
387,New Canaan Connecticut United States,41.146763,-73.4948446
388,Uxbridge  Canada,44.107556,-79.127655
389,Warren Michigan United States,42.4775364,-83.0277001
390,Gulfport Mississippi United States,30.3674198,-89.0928155
391,Jamaica New York United States,40.6914852,-73.8056771
392,Westminster California United States,33.7578725,-117.9859054
393,Vidalia Louisiana United States,31.5654441,-91.4259495
394,Tuskegee Alabama United States,32.4240286,-85.6916195
395,Trenton Illinois United States,38.6050833,-89.6817621
396,Independence Kansas United States,37.2242358,-95.7083131
397,Eau Claire Wisconsin United States,44.811349,-91.4984941
398,Broaddus Texas United States,31.3068546,-94.2690876
399,Tarboro North Carolina United States,35.8968236,-77.5358049
400,Pontiac Michigan United States,42.6389216,-83.2910468
401,Des Moines Iowa United States,41.5910641,-93.6037149
402,Orefield Pennsylvania United States,40.6348182,-75.5843529
403,Bristol Connecticut United States,41.6845299,-72.9413957722443
404,Somerville Tennessee United States,35.2436969,-89.3500714
405,Lubbock Texas United States,33.5778631,-101.8551665
406,Marietta Georgia United States,33.9528472,-84.5496148
407,Thomaston Georgia United States,32.8881879,-84.3265855
408,Elberton Georgia United States,34.1112226,-82.8670839
409,Provo Utah United States,40.2338438,-111.6585337
410,Lakeland Florida United States,28.0394654,-81.9498042
411,Sioux Falls South Dakota United States,43.5499749,-96.700327
412,Toronto  Canada,43.653963,-79.387207
413,Williamsburg County South Carolina United States,33.6442699,-79.7442135
414,Lenoir County North Carolina United States,35.2590371,-77.6484879
415,Smyrna Tennessee United States,35.9828413,-86.5186045
416,Harrisonburg Virginia United States,38.4493315,-78.8688833
417,Lake City Minnesota United States,44.4494119,-92.2668435
418,Montreal  Canada,45.4972159,-73.6103642
419,West Chester Pennsylvania United States,39.9597213,-75.6059638
420,Madrid  Spain,40.4167047,-3.7035825
421,Barberton Ohio United States,41.012833,-81.6051221
422,Scarsdale New York United States,40.9690798,-73.7635316
423,Leeds Alabama United States,33.5424726,-86.5404377
424,McMinnville Oregon United States,45.2109843,-123.1975851
425,Litchfield Connecticut United States,41.767249,-73.2543049
426,Pocatello Idaho United States,42.8688613,-112.4401098
427,Newport News Virginia United States,36.9786449,-76.4321089
428,Oak Hill West Virginia United States,37.9723339,-81.1487136
429,Bayville New York United States,40.9106541,-73.5620689
430,Highland Park Michigan United States,42.4057135,-83.0969467
431,Lagos  Nigeria,6.4550575,3.3941795
432,Meriden Connecticut United States,41.5381535,-72.8070435
433,Bangor Maine United States,44.8011821,-68.7778138
434,Clarksville Virginia United States,36.6240321,-78.5569437
435,Waterloo New York United States,42.9047884,-76.8627368
436,Iowa City Iowa United States,41.6612561,-91.5299106
437,Heidelburg  Germany,49.4093582,8.694724
438,West Memphis Arkansas United States,35.1464797,-90.1845388
439,Alexandria Virginia United States,38.8147596,-77.0902476527272
440,Boynton Beach Florida United States,26.5253491,-80.0664309
441,Ogdensburg New York United States,44.694285,-75.486374
442,Lebanon Pennsylvania United States,40.3429683,-76.4233816
443,Wilmington Delaware United States,39.7459468,-75.546589
444,St. Joseph Michigan United States,41.9031963,-85.5356726
445,Pensacola Florida United States,30.421309,-87.2169149
446,Teaneck New Jersey United States,40.8975992,-74.0159727
447,Kingston  Jamaica,17.9712148,-76.7928128
448,Lincoln Nebraska United States,40.8,-96.667821
449,Auburn Washington United States,47.3075369,-122.2301808
450,Hollis Oklahoma United States,34.6883948,-99.9120456
451,Brookhaven New York United States,40.7792653,-72.9153827
452,Leverkusen  Germany,51.0324743,6.9881194
453,Worcester Massachusetts United States,42.2625932,-71.8022934
454,Ypsilanti Michigan United States,42.2410562,-83.613055
455,Triavna  Bulgaria,42.8674135,25.4924992
456,Summerfield Louisiana United States,31.5798939,-92.721539
457,Newman Georgia United States,33.3529446,-84.802413
458,Gogrial  South Sudan,8.5315144,28.0996528
459,Vicksburg Mississippi United States,32.3528418,-90.8777342
460,Clearwater Florida United States,27.9658533,-82.8001026
461,Welland  Canada,42.993097,-79.250565
462,Tucson Arizona United States,32.2218917,-110.9262353
463,Harbor City California United States,33.7951998,-118.2908294
464,Lansing Michigan United States,42.7337712,-84.5553805
465,Columbus Mississippi United States,33.4956744,-88.4272627
466,Houston Mississippi United States,33.8984461,-88.9992267
467,Munich  Germany,48.1371079,11.5753822
468,Tulsa Oklahoma United States,36.1556805,-95.9929113
469,Cap-Haitian  Haiti,19.7336834,-72.2224063879542
470,Camden New Jersey United States,39.9448402,-75.1198911
471,Black Mountain North Carolina United States,35.6178951,-82.3212302
472,Warrensville Heights Ohio United States,41.43535,-81.514824
473,Quincy Illinois United States,39.9356016,-91.4098727
474,Hickory North Carolina United States,35.7331895,-81.3412006
475,Brantley Alabama United States,31.5823832,-86.2571786
476,Claremont California United States,34.0966764,-117.7197785
477,Cape Coral Florida United States,26.6059432,-81.9806771
478,Butler Pennsylvania United States,40.8610205,-79.8952251
479,Wichita Kansas United States,37.6922361,-97.3375448
480,Elmhurst Illinois United States,41.8994745,-87.9403418
481,Danville Virginia United States,36.5859718,-79.3950228
482,Fullerton California United States,33.8708215,-117.9294165
483,Queens New York United States,40.6524927,-73.7914214158161
484,Roberta Georgia United States,32.7219973,-84.0130926
485,Missoula Montana United States,46.8700801,-113.9952796
486,Bartlesville Oklahoma United States,36.7494864,-95.9782966
487,Liberty New York United States,41.8012002,-74.7465527
488,Hamburg Arkansas United States,33.2281757,-91.7976285
489,New Brighton Pennsylvania United States,40.7303534,-80.3100513
490,LaPorte Indiana United States,41.6105983,-86.7225227
491,Omaha Nebraska United States,41.2587317,-95.9378732
492,Rockville Centre New York United States,40.6587138,-73.6412406
493,New Ulm Minnesota United States,44.2821195,-94.4518552125641
494,Delmenhorst  Germany,53.048095,8.6286066
495,Neptune New Jersey United States,40.2239981,-74.0478216
496,Henderson North Carolina United States,36.3295905,-78.3991638
497,Meridian Mississippi United States,32.3643098,-88.703656
498,Eschwege  Germany,51.186867,10.0575056
499,Greenville Mississippi United States,33.4000633,-91.0551312
500,Augusta Georgia United States,33.4709714,-81.9748429
501,South Boston Virginia United States,36.6987494,-78.9013987
502,Dothan Alabama United States,31.2232313,-85.3904889
503,Kohler Wisconsin United States,43.7391616,-87.7817541
504,Bremerton Washington United States,47.5653663,-122.6246836
505,Springfield Illinois United States,39.7989763,-89.6443688
506,Pineville Louisiana United States,31.3224044,-92.4343035
507,Port-au-Prince  Haiti,18.547327,-72.3395928
508,Riviera Beach Florida United States,26.7753405,-80.0580969
509,Dover Delaware United States,39.158168,-75.5243682
510,Brooklyn Illinois United States,38.657181,-90.1670585
511,Kingston Pennsylvania United States,41.2617481,-75.8968635
512,Evanston Illinois United States,42.0447388,-87.6930459
513,Wayne Michigan United States,42.2819655,-83.3839595
514,Niles Illinois United States,42.0289319,-87.8122348
515,Long Island New York United States,43.90594575,-74.9983060734476
516,Birmingham Michigan United States,42.5467012,-83.2113192
517,Aibonito  Puerto Rico,18.1393105,-66.2663961
518,Cleveland Heights Ohio United States,41.5200518,-81.556235
519,Chesapeake Virginia United States,36.7183708,-76.2466798
520,Everett Washington United States,47.9673056,-122.2013998
521,Fort Lauderdale Florida United States,26.1223084,-80.1433786
522,Carolina  Puerto Rico,18.3794415,-65.957695
523,Collins Mississippi United States,31.645443,-89.5553465
524,Milton Florida United States,30.6324149,-87.0396881
525,Bowling Green Kentucky United States,36.9903199,-86.4436018
526,Eindhoven  Netherlands,51.44855695,5.45012252185714
527,Reedley California United States,36.5969275,-119.450270101581
528,Curitiba  Brazil,-25.4295963,-49.2712724
529,Beirut  Lebanon,33.88922645,35.5025733017293
530,French Camp California United States,37.876291,-121.271743929931
531,Copiague New York United States,40.6840538,-73.4008102
532,Millington Tennessee United States,35.3414745,-89.8973084
533,Freehold New Jersey United States,40.2601096,-74.2737573
534,La Romana  Dominican Republic,18.4272786,-68.9734597
535,West Warwick Rhode Island United States,41.7063679,-71.5236633
536,Gainesville Florida United States,29.6519396,-82.3249961
537,Rosemead California United States,34.0676169,-118.0879763
538,Melbourne Florida United States,28.0836269,-80.6081089
539,Falls County Texas United States,31.2320941,-96.9262126
540,Omsk  Russia,54.991375,73.371529
541,Morristown New Jersey United States,40.7970384,-74.4809492
542,Pullman Washington United States,46.7304268,-117.173895
543,LaGrange Illinois United States,39.9414729,-90.5343142
544,Key West Florida United States,24.5625566,-81.7724368
545,Halifax North Carolina United States,36.328486,-77.5894199
546,Terre Haute Indiana United States,39.4667025,-87.4139119
547,Sibenik  Croatia,45.8121186,17.1834889
548,Belleville Illinois United States,38.5200504,-89.9839935
549,Jamaica  United States,40.6914852,-73.8056771
550,Daytona Beach Florida United States,29.2108147,-81.0228331
551,Jacksonville Arkansas United States,34.8662005,-92.1101458
552,Aurora Illinois United States,41.7571701,-88.3147539
553,Carlisle Pennsylvania United States,40.201824,-77.1893888
554,Cherry Valley Arkansas United States,35.4020287,-90.7531682
555,Laurel Mississippi United States,31.739966,-89.132658687035
556,Garland Texas United States,32.912624,-96.6388833
557,Savannah Georgia United States,32.0835407,-81.0998342
558,Kaunas  Lithuania,54.8982139,23.9044817
559,Elkhart Indiana United States,41.6819935,-85.9766671
560,Lawton Oklahoma United States,34.6086854,-98.3903305
561,Tuscaloosa Alabama United States,33.2668398,-87.4862182
562,London  United Kingdom,51.5073219,-0.1276474
563,Walnut Creek California United States,37.9063131,-122.064963
564,Fort Walton Florida United States,30.4057552,-86.618842
565,Oslo  Norway,59.9132694,10.7391112
566,Prijepolje  Serbia,43.3878512,19.6472042
567,Pljevlja  Montenegro,43.3565611,19.3584715
568,The Bronx New York United States,40.85703325,-73.8366961598775
569,Cairo  Egypt,30.048819,31.243666
570,Lancaster Ohio United States,39.7136754,-82.5993294
571,Covington Virginia United States,37.7934528,-79.9939484
572,Maui Hawaii United States,20.8029568,-156.310683316022
573,Hyattsville Maryland United States,38.9529792,-76.9408758
574,Clarksburg West Virginia United States,39.2806451,-80.3445341
575,Hagerstown Maryland United States,39.6419219,-77.7202641
576,Queens Village New York United States,40.7267692,-73.7415208
577,Brandon Florida United States,27.937801,-82.2859247
578,Lafayette Louisiana United States,30.2240897,-92.0198427
579,Centreville Alabama United States,32.9445682,-87.1386067
580,Ritter South Carolina United States,32.7896202,-80.6303822
581,Whiteville North Carolina United States,34.3387802,-78.7030721
582,Athens Alabama United States,34.8283825,-86.91713375
583,Chestertown Maryland United States,39.2089986,-76.0666126
584,Bloomington Indiana United States,39.1670396,-86.5342881
585,Del Rio Texas United States,29.3627296,-100.896761
586,Bossier City Louisiana United States,32.505893,-93.6511869730111
587,Bowbells North Dakota United States,48.803083,-102.246001
588,Grand Rapids Michigan United States,42.9632405,-85.6678639
589,Kraljevo  Serbia,43.7235798,20.6875995
590,Aurora North Carolina United States,35.3054322,-76.7886736
591,Mandeville  Jamaica,18.0431254,-77.50741
592,Hacienda Heights California United States,33.9930677,-117.9686755
593,Junction City Kansas United States,39.0286093,-96.8313978
594,Drnis  Croatia,43.861211,16.15661
595,Sussex Virginia United States,36.9096897,-77.2741121
596,Wauwatosa Wisconsin United States,43.0494122,-88.0079271
597,Ithaca New York United States,42.4396039,-76.4968019
598,Trinidad  Trinidad and Tobago,10.4432392,-61.2608332444615
599,Wichita Falls Texas United States,33.9137085,-98.4933873
600,Carrollton Georgia United States,33.5801103,-85.0766113
601,Toccoa Georgia United States,34.5774368,-83.332881
602,Kinshasa  Democratic Republic of the Congo,-4.3217055,15.3125974
603,Washington Illinois United States,39.76697225,-86.1602671506985
604,Minnesota  United States,45.9896587,-94.6113288
605,Somerville New Jersey United States,40.5742696,-74.60988
606,Santa Cruz California United States,36.974201,-122.0297182
607,Gridley California United States,39.3637773,-121.6935833
608,Menifee Arkansas United States,35.1484169,-92.5540487
609,Rio De Janeiro  Brazil,-22.9110137,-43.2093727
610,Beaufort South Carolina United States,32.4315813,-80.6698286
611,Bloomington Minnesota United States,44.8322405,-93.3204872
612,Nansemond County Virginia United States,36.7670938,-76.5307823
613,Melbourne  Australia,-37.8142176,144.9631608
614,Edina Minnesota United States,44.8897027,-93.3501222
615,McKees Rocks Pennsylvania United States,40.4656244,-80.0656106
616,Sumter South Carolina United States,33.9204354,-80.3414693
617,Santa Monica California United States,34.019657,-118.487549
618,Pasadena California United States,34.1476452,-118.1444779
619,Hopkins South Carolina United States,33.9043212,-80.8770342
620,Henderson Kentucky United States,37.8367513,-87.5907631
621,Robbinsdale Minnesota United States,45.031696,-93.3353198
622,Irvine California United States,33.6856969,-117.8259819
623,Toms River New Jersey United States,39.9537359,-74.1979576
624,DeQuincy Louisiana United States,30.4504779,-93.4332189
625,Shawnee Oklahoma United States,35.3272928,-96.9253004
626,Emporia Virginia United States,36.6937606,-77.5357141
627,Watonga Oklahoma United States,35.8447654,-98.413128
628,Angola New York United States,42.638393,-79.027816
629,Crawford Mississippi United States,33.3015121,-88.6147687
630,Twiggs Georgia United States,32.6467914,-83.4351636
631,Morgan City Louisiana United States,29.6993748,-91.20677
632,Eleuthera  Bahamas,24.73107935,-76.292692843121
633,Palo Alto California United States,37.442156,-122.1634472
634,Benton Harbor Michigan United States,42.1167065,-86.4541894
635,Ventspils  Latvia,57.3903918,21.5635991
636,Orange New Jersey United States,40.7706562,-74.2326463
637,Culpepper Virginia United States,36.7834825,-76.5463387
638,Pascagoula Mississippi United States,30.3646795,-88.5585995
639,Salem Massachusetts United States,42.5195292,-70.8967226
640,Clovis New Mexico United States,34.405472,-103.2050709
641,Cacak  Serbia,43.8888275,20.3447317
642,Andalusia Alabama United States,31.3085039,-86.4832033
643,Sunnyside New York United States,40.7398242,-73.9354153
644,Decatur Illinois United States,39.8454163,-88.9524151
645,Huntington Station New York United States,40.8534318,-73.4115091
646,Green Bay Wisconsin United States,44.5126379,-88.0125794
647,Peoria Illinois United States,40.6938609,-89.5891008
648,Havana  Cuba,22.1883069,113.5493076
649,San Antonio Texas United States,29.4246002,-98.4951405
650,Evansville Indiana United States,37.9747645,-87.5558483
651,Rockford Illinois United States,42.2713945,-89.093966
652,Orange California United States,33.7500378,-117.8704931
653,Newton Grove North Carolina United States,35.2454313,-78.3543933
654,Monrovia California United States,34.1483499,-118.0014517
655,Stevenson Washington United States,45.6954173,-121.8847247
656,Split  Croatia,43.5115555,16.4396801
657,Didam  Netherlands,51.9446135,6.13991755492108
658,Roanoke Virginia United States,37.274532,-79.9602096795782
659,Merced California United States,37.3029568,-120.4843269
660,Triteni  Romania,44.4665785,26.1119606
661,Libby Montana United States,48.3882861,-115.5559988
662,Anniston Alabama United States,33.695381,-85.8398422788233
663,Kenosha Wisconsin United States,42.5846773,-87.8212263
664,Dresden Tennessee United States,36.2914512,-88.7081123
665,Levice  Slovakia,48.2163194,18.6000869
666,Landstuhl  Germany,49.4143311,7.5722301
667,Lake Wales Florida United States,27.9014133,-81.5859099
668,Harpersville Alabama United States,33.3439995,-86.4380357
669,Brunswick Georgia United States,31.1499528,-81.4914894
670,Galveston Texas United States,29.299328,-94.7945882
671,Thomasville Georgia United States,30.8365815,-83.9787808
672,Bradenton Florida United States,27.4989278,-82.5748194
673,Denver Colorado United States,39.7391536,-104.9847034
674,Fort Washington Maryland United States,38.7125305,-77.0124598
675,Albany Georgia United States,31.5782062,-84.1556809
676,Reading Pennsylvania United States,40.335345,-75.9279495
677,Steubenville Ohio United States,40.3697905,-80.6339638
678,Murfreesboro North Carolina United States,36.4423754,-77.0985753
679,Mount Kisco New York United States,41.2042616,-73.7270761
680,Elm City North Carolina United States,35.8065455,-77.863315
681,Nkwere  Nigeria,6.1914,7.2316
682,Washington Iowa United States,41.3160082,-91.7340327
683,Fredericksburg Virginia United States,38.3031837,-77.4605399
684,Moscow  Russia,55.7507178,37.6176606
685,Durango Colorado United States,37.2753739,-107.8799422
686,Crenshaw Alabama United States,31.6809362,-86.3244009
687,Kano  Nigeria,11.9918671,8.5303654
688,West Palm Beach Florida United States,26.7153425,-80.0533746
689,Quitman Mississippi United States,34.1920186,-90.2946542
690,Oak Park Illinois United States,41.8850317,-87.7845025
691,Wilkes-Barre Pennsylvania United States,41.2464824,-75.8817316
692,Hempstead New York United States,40.7063185,-73.618684
693,St. Thomas  U.S. Virgin Islands,18.34290815,-64.9188997006027
694,Huntington Beach California United States,33.6783336,-118.0000166
695,Ironton Missouri United States,37.5972724,-90.6273444
696,Aberdeen Mississippi United States,33.8251139,-88.5436553
697,Baxley Georgia United States,31.7782514,-82.3484618
698,Zlin  Czech Republic,49.226766,17.6667415
699,Richland Washington United States,46.2778406,-119.2769067
700,Mauldin South Carolina United States,34.77873,-82.310119
701,Valders Wisconsin United States,44.0661044,-87.8842583
702,Emmetsburg Iowa United States,43.1127427,-94.6830357
703,Denton Texas United States,33.1838787,-97.1413417
704,Liberal Kansas United States,37.0430812,-100.920999
705,Melrose Park Illinois United States,41.9005865,-87.8567277
706,Belgrade  Serbia,44.8178131,20.4568974
707,Sarajevo  Bosnia and Herzegovina,43.8519774,18.3866868
708,Bassano del Grappa  Italy,45.7669109,11.7343469
709,Springfield Massachusetts United States,42.1014831,-72.589811
710,Gardena California United States,33.888658,-118.307648
711,Caserta  Italy,41.0820827,14.334708
712,Hampton Virginia United States,37.0300969,-76.3452057
713,Vero Beach Florida United States,27.6387163,-80.3975399
714,White Hall Alabama United States,32.3270827,-86.7119247
715,Jackson Michigan United States,42.2465036,-84.4016963
716,Postville Iowa United States,43.084702,-91.5682015
717,Opelika Alabama United States,32.72667,-85.3924930459184
718,Bloomington California United States,34.07029,-117.3958797
719,Osceola Arkansas United States,35.7050778,-89.969532
720,El Rosario  Mexico,22.9945889,-105.8565373
721,Paterson New Jersey United States,40.9167654,-74.171811
722,Lexington Ohio United States,40.6786691,-82.5823931
723,El Paso Texas United States,31.8111305,-106.501349395577
724,Wheeling West Virginia United States,40.0639616,-80.7209149
725,Adelaide  Australia,-34.9274284,138.599899
726,Mount Vernon Washington United States,48.4200462,-122.32642
727,Tallinn  Estonia,59.4372155,24.7453688
728,Silver Spring Maryland United States,38.9959081,-77.0288918
729,Johannesburg  South Africa,-26.205,28.049722
730,Covington Tennessee United States,35.5642474,-89.6464672
731,Kiev  Ukraine,50.4501071,30.5240501
732,Canouan  Saint Vincent and the Grenadines,12.71581525,-61.3252691863733
733,Naperville Illinois United States,41.7728659,-88.1478527
734,East Spencer North Carolina United States,35.6818059,-80.4322801
735,Collinston Louisiana United States,32.6909704,-91.8717943
736,Livingston New Jersey United States,40.7959335,-74.3148713
737,Bellflower California United States,33.8825705,-118.1167679
738,Pearl Mississippi United States,32.2745912,-90.1320311
739,Miles City Montana United States,46.4085273,-105.840981
740,Dawson Minnesota United States,44.932738,-96.054481
741,Canton Georgia United States,34.2367621,-84.4907621
742,Kranj  Slovenia,46.2405482,14.3551346
743,Longview Texas United States,32.5007038,-94.7404891
744,Cucq  France,50.4881,1.61488
745,Murray Utah United States,40.6667841,-111.888417
746,Maisons Alfort  France,48.8011197,2.4313619
747,St. Croix  U.S. Virgin Islands,17.7333425,-64.7317977821007
748,Bartow Florida United States,27.898184,-81.7856357569961
749,Carbondale Illinois United States,37.7274692,-89.216655
750,Paris Kentucky United States,38.2097987,-84.2529869
751,Temple Texas United States,31.098207,-97.3427847
752,Lebanon Ohio United States,39.4353373,-84.2029922
753,Compton California United States,33.894927,-118.226624
754,Fordyce Arkansas United States,33.8137161,-92.4129303
755,Wurzburg  Germany,49.79245,9.932966
756,Santo Domingo  Dominican Republic,18.4801972,-69.942111
757,Charleston West Virginia United States,38.3505995,-81.6332812
758,Tampa Florida United States,27.9477595,-82.458444
759,Danville Illinois United States,40.125222,-87.6304614
760,Hungary  United States,41.9767629,-72.7789842
761,Dakar  Senegal,14.693425,-17.447938
762,Cherry Hill New Jersey United States,39.9348351,-75.0307264
763,Orangeburg South Carolina United States,33.4918203,-80.8556476
764,Stockholm  Sweden,59.3251172,18.0710935
765,Pozega  Croatia,45.3318664,17.675113
766,Hampton Iowa United States,42.7420086,-93.2022735
767,Ljubljana  Slovenia,46.049865,14.5068921
768,Cottage Grove Minnesota United States,44.8277446,-92.9438218
769,Auckland  New Zealand,-36.8534665,174.7655514
770,Slayton Minnesota United States,43.987742,-95.755846
771,Cairo Illinois United States,37.0057958,-89.1772449
772,Mexico Missouri United States,39.1697626,-91.8829484
773,New Britain Connecticut United States,41.68174355,-72.7881465300835
774,Tbilisi  Georgia,41.6935247,44.8015019
775,DeKalb Illinois United States,41.9294736,-88.7503647
776,Herceg Novi  Montenegro,42.4509294,18.5360443
777,Sharps Virginia United States,37.8240267,-76.7007912
778,Reynoldsburg Ohio United States,39.9547861,-82.8121191
779,Fall River Massachusetts United States,41.7010642,-71.1546367
780,Cortlandt Manor New York United States,41.282198,-73.71417
781,New Knoxville Ohio United States,40.4936586,-84.3146722
782,Georgetown  Guyana,6.8025766,-58.1628612
783,Picayune Mississippi United States,30.5254692,-89.6795084
784,Cocoa Florida United States,28.3861159,-80.7419984
785,Charleston South Carolina United States,32.7876012,-79.9402728
786,Santa Clara  Cuba,22.406572,-79.965149
787,Novi Pazar  Serbia,43.136667,20.512222
788,Port Harcourt  Nigeria,4.7676576,7.0188527
789,Coatesville Pennsylvania United States,39.9831616,-75.8238355
790,Fort Madison Iowa United States,40.6299403,-91.3151908
791,Winnipeg  Canada,49.884017,-97.168579
792,Thomson Georgia United States,33.4707348,-82.5045956
793,Tolono Illinois United States,39.9861415,-88.2589387
794,Abbeville Alabama United States,31.5718352,-85.2504893
795,Munich  West Germany,48.1371079,11.5753822
796,Fountain Valley California United States,33.7038145,-117.9627349
797,Waxahachie Texas United States,32.3865312,-96.8483311
798,Shellman Georgia United States,31.7562765,-84.6151965
799,Aurora Colorado United States,39.729432,-104.8319196
800,Meoqui  Mexico,28.35839415,-105.521525730494
801,Roseau  Dominica,15.2991923,-61.3872868
802,Helsinki  Finland,60.1674086,24.9425683
803,Istanbul  Turkey,41.0096334,28.9651646
804,Southfield Michigan United States,42.4733689,-83.2218731
805,Rustavi  Georgia,41.5501281,44.9923478
806,Monticello Minnesota United States,45.3055202,-93.7941378
807,Ft. Lauderdale Florida United States,26.1223084,-80.1433786
808,Dobbs Ferry New York United States,41.0145418,-73.872635
809,Mitchell South Dakota United States,43.70953,-98.025379
810,Los Gatos California United States,37.226611,-121.9746797
811,Ibadan  Nigeria,7.3777462,3.8972497
812,Bahia Blanca  Argentina,-38.7376094,-62.2278628769988
813,Colon  Panama,9.3560848,-79.8963425
814,Buenos Aires  Argentina,-42.9165061,-71.3363881
815,Bougouni  Mali,11.4291542,-7.4735829
816,Karapyshi  Ukraine,49.643101,30.788839
817,Beijing  China,39.9059631,116.391248
818,Floral Park New York United States,40.7237133,-73.7048532
819,Luxembourg  Luxembourg,49.6112768,6.129799
820,Izhevsk  Russia,56.866557,53.2094166
821,Athens  Greece,38.2636612,22.0576191
822,Fajardo  Puerto Rico,18.3278026,-65.6561832207489
823,Eureka California United States,40.8020712,-124.1636729
824,Harlem New York United States,40.8078786,-73.9454154
825,Sylacauga Alabama United States,33.2146565,-86.26673775
826,East Point Georgia United States,33.6795531,-84.4393724
827,Pitman New Jersey United States,39.732892,-75.1315651
828,Zachary Louisiana United States,30.6485191,-91.1564961
829,Lobelville Tennessee United States,35.7720103,-87.7839129
830,Willingboro New Jersey United States,40.0278894,-74.8690542
831,Caracas  Venezuela,10.506098,-66.9146017
832,Barcelona  Spain,41.3828939,2.1774322
833,Bijelo Polje  Montenegro,43.0337081,19.7469527
834,Postojna  Slovenia,45.7752438,14.2117877
835,Bosanska Gradiska  Bosnia and Herzegovina,45.1128852,17.1920899
836,Etta  Cameroon,4.1528689,9.29383075522733
837,Port-Au-Prince  Haiti,18.547327,-72.3395928
838,Frederick Maryland United States,39.4142186,-77.4109269
839,Iowa Louisiana United States,30.2368772,-93.0137569
840,Bruges  Belgium,51.2085526,3.226772
841,Clarksville Tennessee United States,36.5277607,-87.3588703
842,Trebinje Srpska-Bih  Bosnia and Herzegovina,42.7107972,18.346882
843,Apatin  Serbia,45.6717612,18.9817498
844,Bernardston Massachusetts United States,42.6709176,-72.5495336
845,Cholet  France,47.0617293,-0.8801349
846,Slovenj Gradec  Slovenia,46.509144,15.0790677
847,Aschaffenburg  Germany,49.9740542,9.1493636
848,Glendora California United States,34.1361187,-117.865339
849,Warsaw  Poland,52.2319237,21.0067265
850,Den Haag  Netherlands,52.07494555,4.26968022053645
851,Trikala  Greece,39.5560869,21.7678844
852,Malvern Arkansas United States,34.3623149,-92.8129463
853,Zagreb  Croatia,45.813177,15.977048
854,Inkster Michigan United States,42.2942045,-83.3099303
855,Pardubice  Czech Republic,50.0410187,15.7765409
856,Wagram North Carolina United States,34.8879397,-79.3661515
857,Corsicana Texas United States,32.091299,-96.4646821
858,Lewisburg Tennessee United States,35.4492404,-86.7888887
859,Yalova  Turkey,40.6556669,29.2729091
860,Battle Creek Michigan United States,42.3192548,-85.1824269
861,Sao Carlos  Brazil,-22.0183367,-47.890932
862,Dublin  Ireland,53.3497645,-6.2602732
863,Meriden Kansas United States,39.1888874,-95.5697001
864,Pula  Croatia,44.8696242,13.8455452
865,Paisley  United Kingdom,55.8481954,-4.4249329
866,Beckley West Virginia United States,37.7781702,-81.1881557
867,Shanghai  China,31.2253441,121.4888922
868,Orlandia  Brazil,-20.720278,-47.886667
869,Cormeilles-en-Parisis  France,48.97183,2.2020078
870,Lincoln Illinois United States,40.1481349,-89.3636569
871,Wyoming Michigan United States,42.9132581,-85.7057035
872,Marijampole  Lithuania,54.5562536,23.3503665
873,Novi Sad  Serbia,45.2551338,19.8451756
874,Upland California United States,34.09751,-117.6483876
875,Rotterdam  Netherlands,51.92779805,4.48862326925829
876,East St. Louis Missouri United States,38.6648449,-90.6599945
877,Nederland Texas United States,29.9743803,-93.9923965
878,Sioux City Iowa United States,42.4966815,-96.4058782
879,San Paulo  Brazil,-23.5506507,-46.6333824
880,Coeur d'Alene Idaho United States,47.6776832,-116.7804664
881,Lodz  Poland,51.7687323,19.4569911
882,Jasper Florida United States,30.5182727,-82.94819
883,Les Abymes  Guadeloupe,16.2706436,-61.5057749
884,Oxon Hill Maryland United States,38.8035961,-76.9896573
885,Vic  Spain,41.9302021,2.2545943
886,Battle Ground Washington United States,45.7813532,-122.5337433
887,Biloxi Mississippi United States,30.3960318,-88.8853645
888,Bar  Montenegro,42.0979745,19.0954528
889,Starkville Mississippi United States,33.4503998,-88.8183872
890,Zrenjanin  Serbia,45.3802683,20.3907614
891,Mostar  Bosnia and Herzegovina,43.3420694,17.8075876
892,Monticello Mississippi United States,31.5536678,-90.1072865
893,Santa Teresa  Brazil,-22.9213991,-43.1882138
894,Santa Fe  Argentina,-31.6186951,-60.7019561
895,Riga  Latvia,56.9493977,24.1051846
896,Celje  Slovenia,46.2309234,15.2659932
897,Mamou Louisiana United States,30.6338092,-92.4192993
898,Kinshasa  Zaire,-4.3217055,15.3125974
899,Seoul  Republic of Korea,37.5666791,126.9782914
900,Freehold Borough New Jersey United States,40.260151,-74.2756622942478
901,Laguna California United States,38.4210209,-121.4238414
902,Chester Pennsylvania United States,39.849557,-75.3557458
903,Tripp South Dakota United States,43.3235158,-99.8941094
904,Albany New York United States,42.6511674,-73.754968
905,San Pedro de Macoris  Dominican Republic,18.4601161,-69.3027395
906,San Marcos Texas United States,29.8826436,-97.9405828
907,Wow  South Sudan,7.6999269,27.9910035
908,Concord New Hampshire United States,43.207178,-71.537476
909,Overland Park Kansas United States,38.9742502,-94.6851702
910,Granite City Illinois United States,38.7014389,-90.1487199
911,Orange City Iowa United States,43.0072424,-96.0583138
912,Novosibirsk  Russia,55.0282171,82.9234509
913,Maribor  Slovenia,46.555628,15.64477
914,Daytona Florida United States,29.2108147,-81.0228331
915,Yokohama  Japan,35.444991,139.636768
916,Plainsboro New Jersey United States,40.3334409,-74.6004341
917,Klaipeda  Lithuania,55.7127529,21.1350469
918,White Plains New York United States,41.0339862,-73.7629097
919,San Leandro California United States,37.7249296,-122.1560768
920,Modesto California United States,37.6390972,-120.9968782
921,Parkersburg West Virginia United States,39.2699565,-81.5506916
922,Clarksdale Mississippi United States,34.2001086,-90.5709323
923,Montevideo  Uruguay,-34.9059039,-56.1913569
924,Las Varillas  Argentina,-31.874029,-62.7160986
925,Villanueva de la Serena  Spain,38.9737933,-5.800804
926,Hope Forest  Australia,-35.2841955,138.626191238465
927,Holland Pennsylvania United States,40.1728871,-74.9926688
928,Asheville North Carolina United States,35.6009498,-82.5540161
929,Marion South Carolina United States,34.178216,-79.4006069
930,Friendswood Texas United States,29.5293998,-95.2010447
931,Le Robert  Martinique,14.6776144,-60.939021
932,Waterbury Connecticut United States,41.5581525,-73.0514966
933,Saratov  Russia,51.530018,46.034683
934,Fond du Lac Wisconsin United States,43.7748763,-88.4458033
935,Homer Louisiana United States,32.7918133,-93.055718
936,Leavenworth Kansas United States,39.3113257,-94.922759
937,Glendive Montana United States,47.10529,-104.71246
938,Rome  Italy,41.8933203,12.4829321
939,Hania  Greece,35.5141834,24.0181459
940,Shallotte North Carolina United States,33.9732275,-78.3858371
941,Capitol Heights Maryland United States,38.8853963,-76.9159441
942,Eskisehir  Turkey,39.7666813,30.5255947
943,Peekskill New York United States,41.289811,-73.9204922
944,Missouri City Texas United States,29.6185669,-95.5377215
945,Mayaguez  Puerto Rico,18.2011161,-67.1391124
946,Cookeville Tennessee United States,36.1623886,-85.4997057
947,Midlothian Illinois United States,41.6253116,-87.7175491
948,Allentown Pennsylvania United States,40.6022059,-75.4712794
949,Mount Airy Maryland United States,39.3762145,-77.154704
950,Colton California United States,34.0739016,-117.3136547
951,Ventura California United States,34.343649,-119.295171010504
952,Pointe Noire  Guadeloupe,16.2328276,-61.7896133
953,Tuzla  Bosnia and Herzegovina,44.5391105,18.675193
954,Thies  Senegal,14.7948093,-16.9529272
955,Oskaloosa Iowa United States,41.2963365,-92.6449612
956,Staten Island New York United States,40.5834557,-74.1496048
957,Joliet Illinois United States,41.5263603,-88.0840212
958,Tenerife  Spain,28.2935785,-16.6214471211441
959,Eustis Florida United States,28.8561185,-81.6702564188202
960,Libertyville Illinois United States,42.2830786,-87.9531303
961,Vevey  Switzerland,46.4604627,6.8424616
962,Larissa  Greece,39.6383092,22.4160706
963,Venado Tuerto  Argentina,-33.7455871,-61.9686068
964,Tarzana California United States,34.1727967,-118.553369
965,Puerto Plata  Dominican Republic,19.7444333,-70.8000756
966,Perry Georgia United States,32.4586695,-83.7319658
967,Great Falls Montana United States,47.5048851,-111.2918908
968,Portland Tennessee United States,36.5817089,-86.5163833
969,Roslindale Massachusetts United States,42.2912093,-71.1244966
970,New York City New York United States,40.7306458,-73.9866136
971,Winter Park Florida United States,28.6000625,-81.3427438436485
972,San Juan  Puerto Rico,18.38423905,-66.0534399736473
973,Rouen  France,49.4404591,1.0939658
974,Goodwater Alabama United States,33.065675,-86.0533013
975,Osijek  Croatia,45.5547428,18.6907115
976,Dnepropetrovsk  Ukraine,48.4680221,35.0417711
977,Bologna  Italy,44.4936714,11.3430347
978,Fayetteville Arkansas United States,36.0625843,-94.1574328
979,Hillsboro Texas United States,32.0109886,-97.1300061
980,Dalton Georgia United States,34.7691867,-84.9702475
981,Donetsk  Ukraine,48.0158753,37.8013407
982,Myrtle Beach South Carolina United States,33.6956461,-78.8900409
983,Port-Gentil  Gabon,-0.7149116,8.7797434
984,Hokshan  China,22.663757,112.800109
985,Saint-Etienne  France,45.4401467,4.3873058
986,Wurzbach  Germany,50.4637381,11.5372317
987,Springfield Missouri United States,37.2166779,-93.2920373
988,Versailles Ohio United States,40.2225481,-84.484396
989,North Hollywood California United States,34.1729044,-118.3740371
990,Crockett Texas United States,31.3180325,-95.457566
991,Sant'Angelo Lodigiano  Italy,45.238067,9.408656
992,Lithonia Georgia United States,33.7123305,-84.1051939
993,Ahvaz  Islamic Republic of Iran,31.3230402,48.6793016
994,Huntington West Virginia United States,38.4192496,-82.445154
995,Kaohsiung  Taiwan,22.6203348,120.3120375
996,Janesville Wisconsin United States,42.6829765,-89.0226793
997,Anchorage Alaska United States,61.2163129,-149.8948523
998,St. Petersburg Florida United States,27.7703796,-82.6695085
999,Sydney  Australia,-33.8548157,151.2164539
1000,Lisieux  France,49.1460831,0.2255168
1001,Palma de Mallorca  Spain,39.5475614,2.6345492
1002,Chanute Kansas United States,37.6792135,-95.4572034
1003,Hebei  China,39.0000001,116.0
1004,Canal Winchester Ohio United States,39.8428215,-82.805646
1005,Alamogordo New Mexico United States,32.8997997,-105.9603398
1006,Encinitas California United States,33.0369867,-117.2919818
1007,Clinton Maryland United States,38.7651145,-76.8983059
1008,Rancho Cucamonga California United States,34.1033192,-117.5751735
1009,Plainfield New Jersey United States,40.6337136,-74.4073737
1010,Dar es Salaam  United Republic of Tanzania,-6.8142737,39.2803756
1011,Cheyenne Wyoming United States,38.040803,-121.336657
1012,Pleasant Grove North Carolina United States,36.4393192,-77.4444183
1013,Ontario California United States,34.065846,-117.6484304
1014,Norcross Georgia United States,33.9412127,-84.2135309
1015,Snohomish Washington United States,48.0074736,-121.7304882
1016,Kinna  Sweden,57.5077648,12.6928229
1017,Niagara Falls New York United States,43.1030928,-79.0302618
1018,Chatsworth California United States,34.2595715,-118.6023247
1019,Holon  Israel,32.0193121,34.7804076
1020,Pointe-a-Pitre  Guadeloupe,16.2408636,-61.5334077
1021,Brazzaville  Republic of the Congo,-4.2694407,15.2712256
1022,Jonesboro Georgia United States,33.5215013,-84.3538128
1023,Poplar Bluff Missouri United States,36.7569994,-90.3928881
1024,Wynnewood Pennsylvania United States,40.0028514,-75.2707469
1025,Gonvick Minnesota United States,47.737457,-95.513625
1026,Burnsville Minnesota United States,44.7677424,-93.2777226
1027,Hobbs New Mexico United States,32.7026116,-103.1360403
1028,Fanwood New Jersey United States,40.6409041,-74.3836416
1029,Rosenberg Texas United States,29.5571825,-95.8085623
1030,Edmond Oklahoma United States,35.6571367,-97.4649038
1031,College Park Georgia United States,33.6534427,-84.4493725
1032,El Dorado Arkansas United States,33.20763,-92.6662674
1033,Crossett Arkansas United States,33.1281779,-91.9612427
1034,Cayenne  French Guiana,4.9371143,-52.3258307
1035,Mesa Arizona United States,33.436188,-111.586066176293
1036,Fort Pierce Florida United States,27.4467056,-80.3256056
1037,Bursa  Turkey,40.1826036,29.0675655
1038,Loudeac  France,48.1768988,-2.7513777
1039,Palmdale California United States,34.5793131,-118.1171108
1040,Trelawny  Jamaica,18.3680645,-77.6044419635708
1041,Kaduna  Nigeria,10.3825318,7.8533226
1042,Joinville  Brazil,-26.3044898,-48.8486726
1043,St. Petersburg  Russia,59.938732,30.316229
1044,Gent  Belgium,51.0538286,3.7250121
1045,Pahokee Florida United States,26.8200607,-80.6653351
1046,Grandview Missouri United States,38.8858407,-94.5330096
1047,Gainesville Georgia United States,34.2978794,-83.8240663
1048,Lubumbashi  Democratic Republic of the Congo,-11.6642316,27.4826264
1049,Casselberry Florida United States,28.654276,-81.3237907473849
1050,Trotwood Ohio United States,39.7972788,-84.3113334
1051,Danville California United States,37.8215929,-121.9999606
1052,Linwood New Jersey United States,39.3398404,-74.5751484
1053,Zurich  Switzerland,47.3723957,8.5423216
1054,Randolph Wisconsin United States,43.5391527,-89.0067778
1055,Tepic  Mexico,26.2525366,-108.9361538
1056,Ostrava  Czech Republic,49.8349139,18.2820084
1057,Lockwood New York United States,42.0911853,-76.5499445
1058,Glens Falls New York United States,43.309941,-73.644447
1059,Long Lake Minnesota United States,44.9863892,-93.5715908
1060,St. Charles Missouri United States,38.783194,-90.4823681
1061,Morrisville Pennsylvania United States,40.2114978,-74.7879399
1062,Columbia Missouri United States,38.951883,-92.3337366
1063,Long Branch New Jersey United States,40.3042778,-73.9923596
1064,Morges  Switzerland,46.5093268,6.498317
1065,Pordenone  Italy,45.9562503,12.6597197
1066,Lauderdale Lakes Florida United States,26.1667184,-80.2085565
1067,Belgorod  Russia,50.595299,36.586933
1068,Mississauga  Canada,46.1939009,-83.0110297
1069,Gisborne  New Zealand,-38.661326,178.0206487
1070,Maysville Kentucky United States,38.6411854,-83.744365
1071,Stone Mountain Georgia United States,33.8062166,-84.1457505
1072,Saint-Maurice  France,45.6707392,3.237799
1073,Juiz de Fora  Brazil,-21.7609533,-43.3501129
1074,Benin City  Nigeria,6.3330586,5.6221058
1075,Villa Rica Georgia United States,33.732052,-84.9191081
1076,Fairfax Virginia United States,38.8462236,-77.3063733
1077,Henrico Valley Virginia United States,37.5455191,-77.4234124
1078,Farnham  United Kingdom,51.21023055,-0.798151498727102
1079,Utena  Lithuania,55.4984381,25.6025772
1080,Greenbrae California United States,37.9485356,-122.5247031
1081,Mission Hills California United States,32.7529512,-117.1835214
1082,Dumfries Virginia United States,38.5676202,-77.3280382
1083,Kelford North Carolina United States,36.1796007,-77.2235757
1084,Medford Oregon United States,42.3264181,-122.8718605
1085,Woodbridge Virginia United States,38.6581723,-77.2497049
1086,Monterey California United States,36.600256,-121.8946388
1087,Rio Tercero  Argentina,-27.0303009,-55.2295408
1088,Winnsboro Louisiana United States,32.1632079,-91.720681
1089,Wuppertal  Germany,51.264018,7.1780374
1090,Visalia California United States,36.3302284,-119.2920585
1091,Hoboken New Jersey United States,40.7433066,-74.0323752
1092,Odessa  Ukraine,46.4846583,30.732564
1093,Valencia  Spain,39.4699014,-0.3759513
1094,Antratsit  Ukraine,48.1164285,39.0886375
1095,Lanham Maryland United States,38.9670551,-76.8619166
1096,Cerritos California United States,33.8644291,-118.0539323
1097,Arlington Texas United States,32.701939,-97.1057149357776
1098,Washington Indiana United States,38.6592152,-87.172789
1099,Braunschweig  Germany,52.2640651,10.525291
1100,Lancaster California United States,34.6981064,-118.1366153
1101,Speyer  Germany,49.3165553,8.433615
1102,Lyon  France,45.7578137,4.8320114
1103,Petah Tikva  Israel,32.0877639,34.8859985
1104,Kebemer  Senegal,15.3688735,-16.4429778
1105,Moreno Valley California United States,33.937517,-117.2305944
1106,Chihuahua  Mexico,28.5000001,-106.0000001
1107,Newport Beach California United States,33.6170092,-117.9294401
1108,Roswell Georgia United States,34.02332,-84.360022
1109,Montebelluna  Italy,45.7759956,12.0450646
1110,Maryborough  Australia,-25.537583,152.7019182
1111,Hamilton Massachusetts United States,42.6362052,-70.8431049
1112,St. Louis Park Minnesota United States,44.9475726,-93.3569023
1113,St. Cloud Minnesota United States,45.5616075,-94.1642004
1114,Nova Varos  Serbia,43.4597045,19.8154494
1115,Doboj  Bosnia and Herzegovina,44.7329472,18.0875976
1116,Skopje  Macedonia,41.9960924,21.4316495
1117,Valparaiso Indiana United States,41.4730948,-87.0611412
1118,Bellwood Illinois United States,41.8814197,-87.883117
1119,Saint-Quentin  France,49.8486111,3.2863888
1120,Carmel New York United States,41.4266361,-73.6788272
1121,Rotorua  New Zealand,-38.1381493,176.252922
1122,Porto Alegre  Brazil,-30.0324999,-51.2303767
1123,Los Alamos New Mexico United States,35.8814009,-106.2989958
1124,Osasco  Brazil,-23.5324859,-46.7916801
1125,Pleasant Grove Utah United States,40.3641184,-111.73854
1126,Brisbane  Australia,-27.4689682,153.0234991
1127,Middletown New York United States,41.44634,-74.4209177459401
1128,Geneva  Switzerland,46.2017559,6.1466014
1129,Grand Forks North Dakota United States,47.9078244,-97.0592028
1130,Gretna Louisiana United States,29.9146493,-90.0539604
1131,Grambling Louisiana United States,32.5276503,-92.7140403
1132,Konak  Turkey,38.42233395,27.154351869243
1133,Fishers Indiana United States,39.9555928,-86.0138729
1134,Costa Mesa California United States,33.6633386,-117.903317
1135,Warrenton Virginia United States,38.7135498,-77.795367
1136,Chelan Washington United States,47.8012197,-120.6276904
1137,Happy Valley  Australia,-35.0833723,138.5817339
1138,Mulhouse  France,47.7494188,7.3399355
1139,Cleveland Mississippi United States,33.7440023,-90.7248187
1140,Sterling Heights Michigan United States,42.5803122,-83.0302033
1141,Sao Goncalo  Brazil,-22.8219014,-43.0309252
1142,Flower Mound Texas United States,33.0145673,-97.0969552
1143,Chesterton Indiana United States,41.6105938,-87.0641992
1144,Malden Massachusetts United States,42.4250964,-71.066163
1145,Tempe Arizona United States,33.4144139,-111.9094474
1146,Podgorica  Montenegro,42.4415238,19.2621081
1147,Haverhill Massachusetts United States,42.7777829,-71.0767724
1148,Roxbury Massachusetts United States,42.3248426,-71.0950158
1149,Paw Paw Michigan United States,42.2178171,-85.8911246
1150,Ontario  Canada,50.000678,-86.000977
1151,Brampton  Canada,43.715783,-79.752502
1152,Renton Washington United States,47.4799078,-122.2034496
1153,Zajecar  Serbia,43.9028354,22.2789358
1154,Antioch Tennessee United States,35.756467,-84.2179718
1155,Pouso Alegre  Brazil,-22.2343858,-45.9327241
1156,Bethlehem Pennsylvania United States,40.6178915,-75.3786521
1157,Winfield Illinois United States,41.8616956,-88.1609031
1158,Webster Texas United States,29.5377315,-95.1182645
1159,Montross Virginia United States,38.0951338,-76.8274659
1160,Edison New Jersey United States,40.5382375,-74.3945173450877
1161,Liepaja  Latvia,56.5111901,21.0184692
1162,Lancaster Pennsylvania United States,40.03813,-76.3056686
1163,Sao Paulo  Brazil,-23.5506507,-46.6333824
1164,Dubrovnik  Croatia,42.6500417,18.0899176
1165,Bedford Texas United States,32.844017,-97.1430671
1166,Sombor  Serbia,45.7726546,19.1144811
1167,Arlington Massachusetts United States,42.4153739,-71.1564428
1168,Oxford Ohio United States,39.5103048,-84.7420519
1169,Irvington New Jersey United States,40.7323235,-74.2348684
1170,Belo Horizonte  Brazil,-19.9227318,-43.9450948
1171,Lockport Illinois United States,41.5894753,-88.057837
1172,Jendouba  Tunisia,36.5013895,8.7811635
1173,Sheboygan Wisconsin United States,43.7508284,-87.71453
1174,Tomsk  Russia,56.488712,84.952324
1175,Youngstown Ohio United States,41.1035786,-80.6520161
1176,Bergisch Gladbach  Germany,50.9929303,7.1277379
1177,Saskatoon  Canada,52.131802,-106.660767
1178,Maio  Cape Verde,15.22721825,-23.1563013971624
1179,Spearville Kansas United States,37.8500191,-99.7567932
1180,Hico Louisiana United States,32.7448687,-92.7137631
1181,Hillside New Jersey United States,40.701213,-74.2301459
1182,Sekondi-Takoradi  Ghana,4.927456,-1.7490216
1183,Freeport  Bahamas,26.535681,-78.6953623
1184,Rock Island Illinois United States,41.5094771,-90.5787477
1185,Kayes  Mali,14.443406,-11.437914
1186,Valmiera  Latvia,57.5391883,25.4216251
1187,Capljina  Bosnia and Herzegovina,43.113402,17.7051041
1188,Lawrence Massachusetts United States,42.7070354,-71.1631137
1189,Marousi  Greece,38.04557435,23.8052701626056
1190,Rice Lake Wisconsin United States,45.5027976,-91.7331646
1191,Hayward California United States,37.6688205,-122.0807964
1192,Norwood Massachusetts United States,42.194543,-71.1994976
1193,Vienna  Austria,48.2083537,16.3725042
1194,Kitchener  Canada,43.453168,-80.494423
1195,Yaounde  Cameroon,3.8689867,11.5213344
1196,New London Connecticut United States,41.3556539,-72.0995209
1197,Sindia  Senegal,14.582622,-17.034832
1198,Monroe New York United States,43.150094,-77.6810141
1199,Vilnius  Lithuania,54.6870458,25.2829111
1200,Douala  Cameroon,4.0537386,9.6644365792336
1201,Heidelberg  Germany,49.4093582,8.694724
1202,Landover Maryland United States,38.9340002,-76.8966397
1203,Hays Kansas United States,38.8791783,-99.3267702
1204,Hendersonville Tennessee United States,36.3047735,-86.6199957
1205,Wau  South Sudan,7.6999269,27.9910035
1206,Cannes  France,43.5515198,7.0134418
1207,Prague  Czech Republic,50.0874654,14.4212535
1208,Belle Mead New Jersey United States,40.4667713,-74.6607144
